Workbook

Sheet Data Pembanding
A1: Tahun | B1: Jumlah Wisatawan | C1: Jumlah Hotel dan Akomodasi | D1: Jumlah Objek Daya Tarik Wisata | E1: Tenaga Kerja Pariwisata | F1: Lahan Terbangun | G1: Tingkat Penghunian Kamar (TPK) | H1: PDRB Sektor Pariwisata | I1: Investasi Sektor Pariwisata | J1: Total Malam Menginap
A2: 2015 | B2: 14749959 | C2: 1165 | D2: 165 | E2: 254537 | F2: 43037.005 | G2: 34.89 | H2: 10131.09 | I2: 53.0896 | J2: 5698325
A3: 2016 | B3: 15066309 | C3: 1170 | D3: 158 | E3: 263878 | F3: 44561.078 | G3: 37.72 | H3: 10694.03 | I3: 373.8424 | J3: 6097324
A4: 2017 | B4: 15280457 | C4: 1179 | D4: 171 | E4: 273563 | F4: 50223.957 | G4: 45.08 | H4: 11347.59 | I4: 165.3915 | J4: 10899900
A5: 2018 | B5: 18390971 | C5: 1617 | D5: 177 | E5: 354684 | F5: 56624.36 | G5: 45.11 | H5: 12100.99 | I5: 568.3341 | J5: 10293319
A6: 2019 | B6: 20520104 | C6: 1817 | D6: 189 | E6: 334784 | F6: 63480.044 | G6: 45.34 | H6: 13104.38 | I6: 741.4483 | J6: 13363923
A7: 2020 | B7: 19610135 | C7: 1848 | D7: 180 | E7: 313840 | F7: 58962.041 | G7: 28.9 | H7: 10926.83 | I7: 489.6932 | J7: 4753098
A8: 2021 | B8: 22849394 | C8: 1696 | D8: 170 | E8: 310755 | F8: 59887.526 | G8: 27.48 | H8: 12097.19 | I8: 848.8042 | J8: 7379577
A9: 2022 | B9: 25755726 | C9: 1818 | D9: 183 | E9: 395284 | F9: 57709.076 | G9: 44.99 | H9: 13672.58 | I9: 463.5886 | J9: 9267217
A10: 2023 | B10: 30542580 | C10: 1820 | D10: 201 | E10: 359340 | F10: 75624.404 | G10: 44.77 | H10: 14809.2 | I10: 1175.2552 | J10: 11417702
A11: 2024 | B11: 38134536 | C11: 2000 | D11: 218 | E11: 350946 | F11: 73511.575 | G11: 42.17 | H11: 15873.81 | I11: 712.2835 | J11: 11503540
A12: 2025 | B12: 40695654 | C12: 2291 | D12: 201 | E12: 364994 | F12: 55029.535 | G12: 38.07 | H12: 16947.62 | I12: 1325.9504 | J12: 11954114
A15: Tahun Covid

Sheet Uji P4
A1: Tahun | B1: Lahan Terbangun (simulasi) | C1: Lahan Terbangun (data) | D1: Galat
A2: 2016 | B2: 44561.1 | C2: ='Data Pembanding'!F3 -> 44561.078 | D2: =B2-C2 -> 0.021544488
A3: 2017 | B3: 46235.9 | C3: ='Data Pembanding'!F4 -> 50223.957 | D3: =B3-C3 -> -3988.057
A4: 2018 | B4: 47961.8 | C4: ='Data Pembanding'!F5 -> 56624.36 | D4: =B4-C4 -> -8662.5602
A5: 2019 | B5: 49752.8 | C5: ='Data Pembanding'!F6 -> 63480.044 | D5: =B5-C5 -> -13727.244
A6: 2020 | B6: 51606 | C6: ='Data Pembanding'!F7 -> 58962.041 | D6: =B6-C6 -> -7356.0411
A7: 2021 | B7: 53501 | C7: ='Data Pembanding'!F8 -> 59887.526 | D7: =B7-C7 -> -6386.526
A8: 2022 | B8: 55468 | C8: ='Data Pembanding'!F9 -> 57709.076 | D8: =B8-C8 -> -2241.0758
A9: 2023 | B9: 57480.2 | C9: ='Data Pembanding'!F10 -> 75624.404 | D9: =B9-C9 -> -18144.204
A10: 2024 | B10: 59584.9 | C10: ='Data Pembanding'!F11 -> 73511.575 | D10: =B10-C10 -> -13926.675
A11: 2025 | B11: 61726.6 | C11: ='Data Pembanding'!F12 -> 55029.535 | D11: =B11-C11 -> 6697.0647
A13: Statistik Barlas (1989) — termasuk tahun COVID (2016–2025, n = 10)
A15: Variabel | B15: Rata-rata data | C15: Rata-rata simulasi | D15: Simpangan baku data | E15: Simpangan baku simulasi | F15: Korelasi (r) | G15: E1 | H15: E2 | I15: DC | J15: Suku 1 | K15: Suku 2 | L15: Suku 3 | M15: U1 | N15: U2 | O15: U3 | P15: MAPE | Q15: Lolos E1 | R15: Lolos E2 | S15: Kategori DC | T15: Kemiringan data | U15: Kemiringan simulasi | V15: Varians kemiringan data | W15: Varians kemiringan simulasi | X15: t hitung | Y15: t tabel (α=0,05) | Z15: Arah tren | AA15: Status tren
A16: Lahan Terbangun | B16: =AVERAGE(C2:C11) -> 59561.36 | C16: =AVERAGE(B2:B11) -> 52787.83 | D16: =_xlfn.STDEV.P(C2:C11) -> 9017.9899 | E16: =_xlfn.STDEV.P(B2:B11) -> 5480.1241 | F16: =CORREL(C2:C11,B2:B11) -> 0.63238717 | G16: =ABS(C16-B16)/ABS(B16) -> 0.11372356 | H16: =ABS(E16-D16)/D16 -> 0.39231202 | I16: =_xlfn.STDEV.P(D2:D11)/(D16+E16) -> 0.48208741 | J16: =(C16-B16)^2 -> 45880704 | K16: =(E16-D16)^2 -> 12516494 | L16: =2*(1-F16)*E16*D16 -> 36334634 | M16: =J16/(J16+K16+L16) -> 0.48432193 | N16: =K16/(J16+K16+L16) -> 0.13212554 | O16: =L16/(J16+K16+L16) -> 0.38355253 | P16: =SUMPRODUCT(ABS(D2:D11/C2:C11))/COUNT(C2:C11) -> 0.12699423 | Q16: =IF(G16<=0.05,"Lolos","Tidak") -> Tidak | R16: =IF(H16<=0.3,"Lolos","Tidak") -> Tidak | S16: =IF(I16<0.4,"Baik",IF(I16<=0.7,"Cukup","Kurang")) -> Cukup | T16: =SLOPE(C2:C11,A2:A11) -> 2035.4075 | U16: =SLOPE(B2:B11,A2:A11) -> 1906.4552 | V16: =STEYX(C2:C11,A2:A11)^2/DEVSQ(A2:A11) -> 714323.51 | W16: =STEYX(B2:B11,A2:A11)^2/DEVSQ(A2:A11) -> 705.25595 | X16: =ABS(U16-T16)/SQRT(V16+W16) -> 0.15249913 | Y16: =_xlfn.T.INV.2T(0.05,2*COUNT(A2:A11)-4) -> 2.1199053 | Z16: =IF(SIGN(T16)=SIGN(U16),"Sama","Berlawanan") -> Sama | AA16: =IF(Z16="Berlawanan","Berlawanan arah",IF(X16<=Y16,"Tidak berbeda nyata","Berbeda nyata")) -> Tidak berbeda nyata

Sheet Uji P4 Tanpa COVID
A1: Tahun | B1: Lahan Terbangun (simulasi) | C1: Lahan Terbangun (data) | D1: Galat
A2: ='Uji P4'!A2 -> 2016 | B2: 44561.1 | C2: ='Data Pembanding'!F3 -> 44561.078 | D2: =B2-C2 -> 0.021544488
A3: ='Uji P4'!A3 -> 2017 | B3: 46235.9 | C3: ='Data Pembanding'!F4 -> 50223.957 | D3: =B3-C3 -> -3988.057
A4: ='Uji P4'!A4 -> 2018 | B4: 47961.8 | C4: ='Data Pembanding'!F5 -> 56624.36 | D4: =B4-C4 -> -8662.5602
A5: ='Uji P4'!A5 -> 2019 | B5: 49752.8 | C5: ='Data Pembanding'!F6 -> 63480.044 | D5: =B5-C5 -> -13727.244
A6: ='Uji P4'!A8 -> 2022 | B6: 55468 | C6: ='Data Pembanding'!F9 -> 57709.076 | D6: =B6-C6 -> -2241.0758
A7: ='Uji P4'!A9 -> 2023 | B7: 57480.2 | C7: ='Data Pembanding'!F10 -> 75624.404 | D7: =B7-C7 -> -18144.204
A8: ='Uji P4'!A10 -> 2024 | B8: 59584.9 | C8: ='Data Pembanding'!F11 -> 73511.575 | D8: =B8-C8 -> -13926.675
A9: ='Uji P4'!A11 -> 2025 | B9: 61726.6 | C9: ='Data Pembanding'!F12 -> 55029.535 | D9: =B9-C9 -> 6697.0647
A11: Statistik Barlas (1989) — tanpa tahun COVID (2016–2019, 2022–2025, n = 8)
A13: Variabel | B13: Rata-rata data | C13: Rata-rata simulasi | D13: Simpangan baku data | E13: Simpangan baku simulasi | F13: Korelasi (r) | G13: E1 | H13: E2 | I13: DC | J13: Suku 1 | K13: Suku 2 | L13: Suku 3 | M13: U1 | N13: U2 | O13: U3 | P13: MAPE | Q13: Lolos E1 | R13: Lolos E2 | S13: Kategori DC | T13: Kemiringan data | U13: Kemiringan simulasi | V13: Varians kemiringan data | W13: Varians kemiringan simulasi | X13: t hitung | Y13: t tabel (α=0,05) | Z13: Arah tren | AA13: Status tren
A14: Lahan Terbangun | B14: =AVERAGE(C2:C9) -> 59595.504 | C14: =AVERAGE(B2:B9) -> 52846.412 | D14: =_xlfn.STDEV.P(C2:C9) -> 10079.475 | E14: =_xlfn.STDEV.P(B2:B9) -> 6107.2171 | F14: =CORREL(C2:C9,B2:B9) -> 0.63267421 | G14: =ABS(C14-B14)/ABS(B14) -> 0.11324833 | H14: =ABS(E14-D14)/D14 -> 0.39409372 | I14: =_xlfn.STDEV.P(D2:D9)/(D14+E14) -> 0.48251916 | J14: =(C14-B14)^2 -> 45550231 | K14: =(E14-D14)^2 -> 15778832 | L14: =2*(1-F14)*E14*D14 -> 45223345 | M14: =J14/(J14+K14+L14) -> 0.42749134 | N14: =K14/(J14+K14+L14) -> 0.14808517 | O14: =L14/(J14+K14+L14) -> 0.42442349 | P14: =SUMPRODUCT(ABS(D2:D9/C2:C9))/COUNT(C2:C9) -> 0.12981767 | Q14: =IF(G14<=0.05,"Lolos","Tidak") -> Tidak | R14: =IF(H14<=0.3,"Lolos","Tidak") -> Tidak | S14: =IF(I14<0.4,"Baik",IF(I14<=0.7,"Cukup","Kurang")) -> Cukup | T14: =SLOPE(C2:C9,A2:A9) -> 2042.1753 | U14: =SLOPE(B2:B9,A2:A9) -> 1906.525 | V14: =STEYX(C2:C9,A2:A9)^2/DEVSQ(A2:A9) -> 956884.48 | W14: =STEYX(B2:B9,A2:A9)^2/DEVSQ(A2:A9) -> 666.92388 | X14: =ABS(U14-T14)/SQRT(V14+W14) -> 0.13862439 | Y14: =_xlfn.T.INV.2T(0.05,2*COUNT(A2:A9)-4) -> 2.1788128 | Z14: =IF(SIGN(T14)=SIGN(U14),"Sama","Berlawanan") -> Sama | AA14: =IF(Z14="Berlawanan","Berlawanan arah",IF(X14<=Y14,"Tidak berbeda nyata","Berbeda nyata")) -> Tidak berbeda nyata

Sheet Sheet4
A1: Time (Tahun) | B1: 2016 | C1: 2017 | D1: 2018 | E1: 2019 | F1: 2020 | G1: 2021 | H1: 2022 | I1: 2023 | J1: 2024 | K1: 2025
A2: Lahan Terbangun : Uji P1 & P4 | B2: 44561.1 | C2: 46235.9 | D2: 47961.8 | E2: 49752.8 | F2: 51606 | G2: 53501 | H2: 55468 | I2: 57480.2 | J2: 59584.9 | K2: 61726.6
A4: Time (Tahun) | B4: Lahan Terbangun : Uji P1 & P4
A5: 2016 | B5: 44561.1
A6: 2017 | B6: 46235.9
A7: 2018 | B7: 47961.8
A8: 2019 | B8: 49752.8
A9: 2020 | B9: 51606
A10: 2021 | B10: 53501
A11: 2022 | B11: 55468
A12: 2023 | B12: 57480.2
A13: 2024 | B13: 59584.9
A14: 2025 | B14: 61726.6
