Workbook

Sheet Data Pembanding
A1: Tahun | B1: Jumlah Wisatawan | C1: Jumlah Hotel dan Akomodasi | D1: Jumlah Objek Daya Tarik Wisata | E1: Tenaga Kerja Pariwisata | F1: Lahan Terbangun | G1: Tingkat Penghunian Kamar (TPK) | H1: PDRB Sektor Pariwisata | I1: Investasi Sektor Pariwisata | J1: Total Malam Menginap
A2: 2015 | B2: 14749959 | C2: 1165 | D2: 165 | E2: 254537 | F2: 43037.005 | G2: 34.89 | H2: 10131.09 | I2: 53.0896 | J2: 5698325
A3: 2016 | B3: 15066309 | C3: 1170 | D3: 158 | E3: 263878 | F3: 44561.078 | G3: 37.72 | H3: 10694.03 | I3: 373.8424 | J3: 6097324
A4: 2017 | B4: 15280457 | C4: 1179 | D4: 171 | E4: 273563 | F4: 50223.957 | G4: 45.08 | H4: 11347.59 | I4: 165.3915 | J4: 10899900
A5: 2018 | B5: 18390971 | C5: 1617 | D5: 177 | E5: 354684 | F5: 56624.36 | G5: 45.11 | H5: 12100.99 | I5: 568.3341 | J5: 10293319
A6: 2019 | B6: 20520104 | C6: 1817 | D6: 189 | E6: 334784 | F6: 63480.044 | G6: 45.34 | H6: 13104.38 | I6: 741.4483 | J6: 13363923
A7: 2020 | B7: 19610135 | C7: 1848 | D7: 180 | E7: 313840 | F7: 58962.041 | G7: 28.9 | H7: 10926.83 | I7: 489.6932 | J7: 4753098
A8: 2021 | B8: 22849394 | C8: 1696 | D8: 170 | E8: 310755 | F8: 59887.526 | G8: 27.48 | H8: 12097.19 | I8: 848.8042 | J8: 7379577
A9: 2022 | B9: 25755726 | C9: 1818 | D9: 183 | E9: 395284 | F9: 57709.076 | G9: 44.99 | H9: 13672.58 | I9: 463.5886 | J9: 9267217
A10: 2023 | B10: 30542580 | C10: 1820 | D10: 201 | E10: 359340 | F10: 75624.404 | G10: 44.77 | H10: 14809.2 | I10: 1175.2552 | J10: 11417702
A11: 2024 | B11: 38134536 | C11: 2000 | D11: 218 | E11: 350946 | F11: 73511.575 | G11: 42.17 | H11: 15873.81 | I11: 712.2835 | J11: 11503540
A12: 2025 | B12: 40695654 | C12: 2291 | D12: 201 | E12: 364994 | F12: 55029.535 | G12: 38.07 | H12: 16947.62 | I12: 1325.9504 | J12: 11954114
A15: Tahun Covid

Sheet Uji B (Uji Penuh)
A1: Tahun | B1: Jumlah Wisatawan | C1: Data Aktual Wisatawan | D1: Galat | F1: Tahun | G1: Jumlah Hotel dan Akomodasi | H1: Data Aktual Hotel | I1: Galat | K1: Tahun | L1: Jumlah Objek Daya Tarik Wisata | M1: Data Aktual DTW | N1: Galat | P1: Tahun | Q1: Tenaga Kerja Pariwisata | R1: Data Aktual TK | S1: Galat | U1: Tahun | V1: Lahan Terbangun | W1: Data Aktual Lahan | X1: Galat | Z1: Tahun | AA1: Tingkat Penghunian Kamar (TPK) | AB1: Data Aktual TPK | AC1: Galat | AE1: Tahun | AF1: PDRB Sektor Pariwisata | AG1: Data Aktual PDRB | AH1: Galat | AJ1: Tahun | AK1: Investasi Sektor Pariwisata | AL1: Data Aktual Investasi | AM1: Galat | AO1: Tahun | AP1: Total Malam Menginap | AQ1: Data Aktual Total malam menginap | AR1: Galat
A2: 2019 | B2: 20520100 | C2: ='Data Pembanding'!B6 -> 20520104 | D2: =B2-C2 -> -4 | F2: 2019 | G2: 1817 | H2: 1817 | I2: =G2-H2 -> 0 | K2: 2019 | L2: 189 | M2: 189 | N2: =L2-M2 -> 0 | P2: 2019 | Q2: 334784 | R2: 334784 | S2: =Q2-R2 -> 0 | U2: 2019 | V2: 63480 | W2: 63480.044 | X2: =V2-W2 -> -0.044223627 | Z2: 2019 | AA2: 0.22737 | AB2: ='Data Pembanding'!G6/100 -> 0.4534 | AC2: =AA2-AB2 -> -0.22603 | AE2: 2019 | AF2: 8545.55 | AG2: 13104.38 | AH2: =AF2-AG2 -> -4558.83 | AJ2: 2019 | AK2: 417.172 | AL2: 741.4483 | AM2: =AK2-AL2 -> -324.2763 | AO2: 2019 | AP2: 6026270 | AQ2: 13363923 | AR2: =AP2-AQ2 -> -7337653
A3: 2020 | B3: 21813400 | C3: ='Data Pembanding'!B7 -> 19610135 | D3: =B3-C3 -> 2203265 | F3: 2020 | G3: 1726.15 | H3: 1848 | I3: =G3-H3 -> -121.85 | K3: 2020 | L3: 189.378 | M3: 180 | N3: =L3-M3 -> 9.378 | P3: 2020 | Q3: 324740 | R3: 313840 | S3: =Q3-R3 -> 10900 | U3: 2020 | V3: 65698.6 | W3: 58962.041 | X3: =V3-W3 -> 6736.5589 | Z3: 2020 | AA3: 0.254422 | AB3: ='Data Pembanding'!G7/100 -> 0.289 | AC3: =AA3-AB3 -> -0.034578 | AE3: 2020 | AF3: 9084.16 | AG3: 10926.83 | AH3: =AF3-AG3 -> -1842.67 | AJ3: 2020 | AK3: 443.465 | AL3: 489.6932 | AM3: =AK3-AL3 -> -46.2282 | AO3: 2020 | AP3: 6406100 | AQ3: 4753098 | AR3: =AP3-AQ3 -> 1653002
A4: 2021 | B4: 23177300 | C4: ='Data Pembanding'!B8 -> 22849394 | D4: =B4-C4 -> 327905.5 | F4: 2021 | G4: 1639.84 | H4: 1696 | I4: =G4-H4 -> -56.16 | K4: 2021 | L4: 190.014 | M4: 170 | N4: =L4-M4 -> 20.014 | P4: 2021 | Q4: 314998 | R4: 310755 | S4: =Q4-R4 -> 4243 | U4: 2021 | V4: 67974.6 | W4: 59887.526 | X4: =V4-W4 -> 8087.074 | Z4: 2021 | AA4: 0.284557 | AB4: ='Data Pembanding'!G8/100 -> 0.2748 | AC4: =AA4-AB4 -> 0.009757 | AE4: 2021 | AF4: 9652.12 | AG4: 12097.19 | AH4: =AF4-AG4 -> -2445.07 | AJ4: 2021 | AK4: 471.191 | AL4: 848.8042 | AM4: =AK4-AL4 -> -377.6132 | AO4: 2021 | AP4: 6806620 | AQ4: 7379577 | AR4: =AP4-AQ4 -> -572957
A5: 2022 | B5: 24615300 | C5: ='Data Pembanding'!B9 -> 25755726 | D5: =B5-C5 -> -1140426 | F5: 2022 | G5: 1568.27 | H5: 1818 | I5: =G5-H5 -> -249.73 | K5: 2022 | L5: 190.91 | M5: 183 | N5: =L5-M5 -> 7.91 | P5: 2022 | Q5: 305548 | R5: 395284 | S5: =Q5-R5 -> -89736 | U5: 2022 | V5: 70309 | W5: 57709.076 | X5: =V5-W5 -> 12599.924 | Z5: 2022 | AA5: 0.316005 | AB5: ='Data Pembanding'!G9/100 -> 0.4499 | AC5: =AA5-AB5 -> -0.133895 | AE5: 2022 | AF5: 10251 | AG5: 13672.58 | AH5: =AF5-AG5 -> -3421.58 | AJ5: 2022 | AK5: 500.427 | AL5: 463.5886 | AM5: =AK5-AL5 -> 36.8384 | AO5: 2022 | AP5: 7228940 | AQ5: 9267217 | AR5: =AP5-AQ5 -> -2038277
A6: 2023 | B6: 26131500 | C6: ='Data Pembanding'!B10 -> 30542580 | D6: =B6-C6 -> -4411080 | F6: 2023 | G6: 1537.34 | H6: 1820 | I6: =G6-H6 -> -282.66 | K6: 2023 | L6: 192.069 | M6: 201 | N6: =L6-M6 -> -8.931 | P6: 2023 | Q6: 296382 | R6: 359340 | S6: =Q6-R6 -> -62958 | U6: 2023 | V6: 72704.5 | W6: 75624.404 | X6: =V6-W6 -> -2919.9035 | Z6: 2023 | AA6: 0.342219 | AB6: ='Data Pembanding'!G10/100 -> 0.4477 | AC6: =AA6-AB6 -> -0.105481 | AE6: 2023 | AF6: 10882.4 | AG6: 14809.2 | AH6: =AF6-AG6 -> -3926.8 | AJ6: 2023 | AK6: 531.251 | AL6: 1175.2552 | AM6: =AK6-AL6 -> -644.0042 | AO6: 2023 | AP6: 7674210 | AQ6: 11417702 | AR6: =AP6-AQ6 -> -3743492
A7: 2024 | B7: 27730100 | C7: ='Data Pembanding'!B11 -> 38134536 | D7: =B7-C7 -> -10404436 | F7: 2024 | G7: 1543.1 | H7: 2000 | I7: =G7-H7 -> -456.9 | K7: 2024 | L7: 193.494 | M7: 218 | N7: =L7-M7 -> -24.506 | P7: 2024 | Q7: 287490 | R7: 350946 | S7: =Q7-R7 -> -63456 | U7: 2024 | V7: 75160.6 | W7: 73511.575 | X7: =V7-W7 -> 1649.0253 | Z7: 2024 | AA7: 0.361798 | AB7: ='Data Pembanding'!G11/100 -> 0.4217 | AC7: =AA7-AB7 -> -0.059902 | AE7: 2024 | AF7: 11548.1 | AG7: 15873.81 | AH7: =AF7-AG7 -> -4325.71 | AJ7: 2024 | AK7: 563.75 | AL7: 712.2835 | AM7: =AK7-AL7 -> -148.5335 | AO7: 2024 | AP7: 8143680 | AQ7: 11503540 | AR7: =AP7-AQ7 -> -3359860
A8: 2025 | B8: 29415500 | C8: ='Data Pembanding'!B12 -> 40695654 | D8: =B8-C8 -> -11280154 | F8: 2025 | G8: 1579.17 | H8: 2291 | I8: =G8-H8 -> -711.83 | K8: 2025 | L8: 195.19 | M8: 201 | N8: =L8-M8 -> -5.81 | P8: 2025 | Q8: 278866 | R8: 364994 | S8: =Q8-R8 -> -86128 | U8: 2025 | V8: 77676.7 | W8: 55029.535 | X8: =V8-W8 -> 22647.165 | Z8: 2025 | AA8: 0.375023 | AB8: ='Data Pembanding'!G12/100 -> 0.3807 | AC8: =AA8-AB8 -> -0.005677 | AE8: 2025 | AF8: 12250 | AG8: 16947.62 | AH8: =AF8-AG8 -> -4697.62 | AJ8: 2025 | AK8: 598.014 | AL8: 1325.9504 | AM8: =AK8-AL8 -> -727.9364 | AO8: 2025 | AP8: 8638650 | AQ8: 11954114 | AR8: =AP8-AQ8 -> -3315464
A10: Statistik Barlas (1989), termasuk tahun COVID (2019 - 2025, n = 7)
A12: Variabel | B12: Rata-rata data aktual | C12: Rata-rata simulasi | D12: Simpangan baku data aktual | E12: Simpangan baku simulasi | F12: Korelasi (r) | G12: E1 | H12: E2 | I12: DC | J12: Suku 1 | K12: Suku 2 | L12: Suku 3 | M12: U1 | N12: U2 | O12: U3 | P12: MAPE | Q12: Lolos E1 | R12: Lolos E2 | S12: Lolos DC | T12: Kemiringan tren data | U12: Kemiringan tren simulasi | V12: Varians kemiringan data | W12: Varians kemiringan simulasi | X12: t hitung | Y12: t tabel (α=0,05) | Z12: Arah tren | AA12: Status tren
A13: Jumlah Wisatawan | B13: =AVERAGE(C2:C8) -> 28301161 | C13: =AVERAGE(B2:B8) -> 24771886 | D13: =_xlfn.STDEV.P(C2:C8) -> 7815940.3 | E13: =_xlfn.STDEV.P(B2:B8) -> 2965522.8 | F13: =CORREL(C2:C8,B2:B8) -> 0.97122344 | G13: =ABS(C13-B13)/ABS(B13) -> 0.12470427 | H13: =ABS(E13-D13)/D13 -> 0.62058016 | I13: =_xlfn.STDEV.P(D2:D8)/(D13+E13) -> 0.46246359 | J13: =(C13-B13)^2 -> 12455786563265 | K13: =(E13-D13)^2 -> 23526549748735 | L13: =2*(1-F13)*E13*D13 -> 1333986494694 | M13: =J13/(J13+K13+L13) -> 0.33378923 | N13: =K13/(J13+K13+L13) -> 0.6304627 | O13: =L13/(J13+K13+L13) -> 0.035748069 | P13: =SUMPRODUCT(ABS(D2:D8/C2:C8))/COUNT(C2:C8) -> 0.12363215 | Q13: =IF(G13<=0.05,"Lolos","Tidak") -> Tidak | R13: =IF(H13<=0.3,"Lolos","Tidak") -> Tidak | S13: =IF(I13<0.4,"Baik",IF(I13<=0.7,"Cukup","Kurang")) -> Cukup | T13: =SLOPE(C2:C8,A2:A8) -> 3759594.2 | U13: =SLOPE(B2:B8,A2:A8) -> 1481207.1 | V13: =STEYX(C2:C8,A2:A8)^2/DEVSQ(A2:A8) -> 227536424428 | W13: =STEYX(B2:B8,A2:A8)^2/DEVSQ(A2:A8) -> 9.2135548e+08 | X13: =ABS(U13-T13)/SQRT(V13+W13) -> 4.7667736 | Y13: =_xlfn.T.INV.2T(0.05,2*COUNT(A2:A8)-4) -> 2.2281389 | Z13: =IF(SIGN(T13)=SIGN(U13),"Sama","Berlawanan") -> Sama | AA13: =IF(Z13="Berlawanan","Berlawanan arah",IF(X13<=Y13,"Tidak berbeda nyata","Berbeda nyata")) -> Berbeda nyata
A14: Jumlah Hotel dan Akomodasi | B14: =AVERAGE(H2:H8) -> 1898.5714 | C14: =AVERAGE(G2:G8) -> 1630.1243 | D14: =_xlfn.STDEV.P(H2:H8) -> 180.15855 | E14: =_xlfn.STDEV.P(G2:G8) -> 97.718479 | F14: =CORREL(H2:H8,G2:G8) -> -0.31336214 | G14: =ABS(C14-B14)/ABS(B14) -> 0.14139428 | H14: =ABS(E14-D14)/D14 -> 0.45759732 | I14: =_xlfn.STDEV.P(I2:I8)/(D14+E14) -> 0.82879389 | J14: =(C14-B14)^2 -> 72063.869 | K14: =(E14-D14)^2 -> 6796.3649 | L14: =2*(1-F14)*E14*D14 -> 46243.006 | M14: =J14/(J14+K14+L14) -> 0.57603519 | N14: =K14/(J14+K14+L14) -> 0.05432605 | O14: =L14/(J14+K14+L14) -> 0.36963876 | P14: =SUMPRODUCT(ABS(I2:I8/H2:H8))/COUNT(H2:H8) -> 0.13298277 | Q14: =IF(G14<=0.05,"Lolos","Tidak") -> Tidak | R14: =IF(H14<=0.3,"Lolos","Tidak") -> Tidak | S14: =IF(I14<0.4,"Baik",IF(I14<=0.7,"Cukup","Kurang")) -> Kurang | T14: =SLOPE(H2:H8,F2:F8) -> 66.071429 | U14: =SLOPE(G2:G8,F2:F8) -> -42.2175 | V14: =STEYX(H2:H8,F2:F8)^2/DEVSQ(F2:F8) -> 749.76837 | W14: =STEYX(G2:G8,F2:F8)^2/DEVSQ(F2:F8) -> 120.98159 | X14: =ABS(U14-T14)/SQRT(V14+W14) -> 3.6697572 | Y14: =_xlfn.T.INV.2T(0.05,2*COUNT(F2:F8)-4) -> 2.2281389 | Z14: =IF(SIGN(T14)=SIGN(U14),"Sama","Berlawanan") -> Berlawanan | AA14: =IF(Z14="Berlawanan","Berlawanan arah",IF(X14<=Y14,"Tidak berbeda nyata","Berbeda nyata")) -> Berlawanan arah
A15: Jumlah Objek Daya Tarik Wisata | B15: =AVERAGE(M2:M8) -> 191.71429 | C15: =AVERAGE(L2:L8) -> 191.43643 | D15: =_xlfn.STDEV.P(M2:M8) -> 14.906511 | E15: =_xlfn.STDEV.P(L2:L8) -> 2.111086 | F15: =CORREL(M2:M8,L2:L8) -> 0.73094261 | G15: =ABS(C15-B15)/ABS(B15) -> 0.0014493294 | H15: =ABS(E15-D15)/D15 -> 0.85837827 | I15: =_xlfn.STDEV.P(N2:N8)/(D15+E15) -> 0.78982144 | J15: =(C15-B15)^2 -> 0.077204592 | K15: =(E15-D15)^2 -> 163.72291 | L15: =2*(1-F15)*E15*D15 -> 16.933895 | M15: =J15/(J15+K15+L15) -> 0.00042717246 | N15: =K15/(J15+K15+L15) -> 0.90587771 | O15: =L15/(J15+K15+L15) -> 0.09369512 | P15: =SUMPRODUCT(ABS(N2:N8/M2:M8))/COUNT(M2:M8) -> 0.056972087 | Q15: =IF(G15<=0.05,"Lolos","Tidak") -> Lolos | R15: =IF(H15<=0.3,"Lolos","Tidak") -> Tidak | S15: =IF(I15<0.4,"Baik",IF(I15<=0.7,"Cukup","Kurang")) -> Kurang | T15: =SLOPE(M2:M8,K2:K8) -> 5.1071429 | U15: =SLOPE(L2:L8,K2:K8) -> 1.0306071 | V15: =STEYX(M2:M8,K2:K8)^2/DEVSQ(K2:K8) -> 5.8936224 | W15: =STEYX(L2:L8,K2:K8)^2/DEVSQ(K2:K8) -> 0.010403981 | X15: =ABS(U15-T15)/SQRT(V15+W15) -> 1.6777108 | Y15: =_xlfn.T.INV.2T(0.05,2*COUNT(K2:K8)-4) -> 2.2281389 | Z15: =IF(SIGN(T15)=SIGN(U15),"Sama","Berlawanan") -> Sama | AA15: =IF(Z15="Berlawanan","Berlawanan arah",IF(X15<=Y15,"Tidak berbeda nyata","Berbeda nyata")) -> Tidak berbeda nyata
A16: Tenaga Kerja Pariwisata | B16: =AVERAGE(R2:R8) -> 347134.71 | C16: =AVERAGE(Q2:Q8) -> 306115.43 | D16: =_xlfn.STDEV.P(R2:R8) -> 27736.939 | E16: =_xlfn.STDEV.P(Q2:Q8) -> 18640.054 | F16: =CORREL(R2:R8,Q2:Q8) -> -0.55291943 | G16: =ABS(C16-B16)/ABS(B16) -> 0.11816532 | H16: =ABS(E16-D16)/D16 -> 0.32797004 | I16: =_xlfn.STDEV.P(S2:S8)/(D16+E16) -> 0.88603638 | J16: =(C16-B16)^2 -> 1682581801 | K16: =(E16-D16)^2 -> 82753316 | L16: =2*(1-F16)*E16*D16 -> 1605774716 | M16: =J16/(J16+K16+L16) -> 0.49911806 | N16: =K16/(J16+K16+L16) -> 0.024547796 | O16: =L16/(J16+K16+L16) -> 0.47633414 | P16: =SUMPRODUCT(ABS(S2:S8/R2:R8))/COUNT(R2:R8) -> 0.12391302 | Q16: =IF(G16<=0.05,"Lolos","Tidak") -> Tidak | R16: =IF(H16<=0.3,"Lolos","Tidak") -> Tidak | S16: =IF(I16<0.4,"Baik",IF(I16<=0.7,"Cukup","Kurang")) -> Kurang | T16: =SLOPE(R2:R8,P2:P8) -> 7622.3929 | U16: =SLOPE(Q2:Q8,P2:P8) -> -9316.7857 | V16: =STEYX(R2:R8,P2:P8)^2/DEVSQ(P2:P8) -> 26846714 | W16: =STEYX(Q2:Q8,P2:P8)^2/DEVSQ(P2:P8) -> 12081.346 | X16: =ABS(U16-T16)/SQRT(V16+W16) -> 3.2685044 | Y16: =_xlfn.T.INV.2T(0.05,2*COUNT(P2:P8)-4) -> 2.2281389 | Z16: =IF(SIGN(T16)=SIGN(U16),"Sama","Berlawanan") -> Berlawanan | AA16: =IF(Z16="Berlawanan","Berlawanan arah",IF(X16<=Y16,"Tidak berbeda nyata","Berbeda nyata")) -> Berlawanan arah
A17: Lahan Terbangun | B17: =AVERAGE(W2:W8) -> 63457.743 | C17: =AVERAGE(V2:V8) -> 70429.143 | D17: =_xlfn.STDEV.P(W2:W8) -> 7427.2404 | E17: =_xlfn.STDEV.P(V2:V8) -> 4732.8466 | F17: =CORREL(W2:W8,V2:V8) -> 0.18180195 | G17: =ABS(C17-B17)/ABS(B17) -> 0.10985893 | H17: =ABS(E17-D17)/D17 -> 0.36277186 | I17: =_xlfn.STDEV.P(X2:X8)/(D17+E17) -> 0.66189884 | J17: =(C17-B17)^2 -> 48600417 | K17: =(E17-D17)^2 -> 7259758 | L17: =2*(1-F17)*E17*D17 -> 57522578 | M17: =J17/(J17+K17+L17) -> 0.42864029 | N17: =K17/(J17+K17+L17) -> 0.064028768 | O17: =L17/(J17+K17+L17) -> 0.50733094 | P17: =SUMPRODUCT(ABS(X2:X8/W2:W8))/COUNT(W2:W8) -> 0.13431636 | Q17: =IF(G17<=0.05,"Lolos","Tidak") -> Tidak | R17: =IF(H17<=0.3,"Lolos","Tidak") -> Tidak | S17: =IF(I17<0.4,"Baik",IF(I17<=0.7,"Cukup","Kurang")) -> Cukup | T17: =SLOPE(W2:W8,U2:U8) -> 695.87206 | U17: =SLOPE(V2:V8,U2:U8) -> 2365.8571 | V17: =STEYX(W2:W8,U2:U8)^2/DEVSQ(U2:U8) -> 2661347.4 | W17: =STEYX(V2:V8,U2:U8)^2/DEVSQ(U2:U8) -> 535.84218 | X17: =ABS(U17-T17)/SQRT(V17+W17) -> 1.0235713 | Y17: =_xlfn.T.INV.2T(0.05,2*COUNT(U2:U8)-4) -> 2.2281389 | Z17: =IF(SIGN(T17)=SIGN(U17),"Sama","Berlawanan") -> Sama | AA17: =IF(Z17="Berlawanan","Berlawanan arah",IF(X17<=Y17,"Tidak berbeda nyata","Berbeda nyata")) -> Tidak berbeda nyata
A18: Tingkat Penghunian Kamar (TPK) | B18: =AVERAGE(AB2:AB8) -> 0.38817143 | C18: =AVERAGE(AA2:AA8) -> 0.30877057 | D18: =_xlfn.STDEV.P(AB2:AB8) -> 0.071190764 | E18: =_xlfn.STDEV.P(AA2:AA8) -> 0.051462253 | F18: =CORREL(AB2:AB8,AA2:AA8) -> 0.25524797 | G18: =ABS(C18-B18)/ABS(B18) -> 0.20455101 | H18: =ABS(E18-D18)/D18 -> 0.27712178 | I18: =_xlfn.STDEV.P(AC2:AC8)/(D18+E18) -> 0.62338911 | J18: =(C18-B18)^2 -> 0.0063044961 | K18: =(E18-D18)^2 -> 0.00038921417 | L18: =2*(1-F18)*E18*D18 -> 0.0054570023 | M18: =J18/(J18+K18+L18) -> 0.51885814 | N18: =K18/(J18+K18+L18) -> 0.032032209 | O18: =L18/(J18+K18+L18) -> 0.44910965 | P18: =SUMPRODUCT(ABS(AC2:AC8/AB2:AB8))/COUNT(AB2:AB8) -> 0.191979 | Q18: =IF(G18<=0.05,"Lolos","Tidak") -> Tidak | R18: =IF(H18<=0.3,"Lolos","Tidak") -> Lolos | S18: =IF(I18<0.4,"Baik",IF(I18<=0.7,"Cukup","Kurang")) -> Cukup | T18: =SLOPE(AB2:AB8,Z2:Z8) -> 0.0078642857 | U18: =SLOPE(AA2:AA8,Z2:Z8) -> 0.025549036 | V18: =STEYX(AB2:AB8,Z2:Z8)^2/DEVSQ(Z2:Z8) -> 0.00024103685 | W18: =STEYX(AA2:AA8,Z2:Z8)^2/DEVSQ(Z2:Z8) -> 1.8675269e-06 | X18: =ABS(U18-T18)/SQRT(V18+W18) -> 1.1347005 | Y18: =_xlfn.T.INV.2T(0.05,2*COUNT(Z2:Z8)-4) -> 2.2281389 | Z18: =IF(SIGN(T18)=SIGN(U18),"Sama","Berlawanan") -> Sama | AA18: =IF(Z18="Berlawanan","Berlawanan arah",IF(X18<=Y18,"Tidak berbeda nyata","Berbeda nyata")) -> Tidak berbeda nyata
A19: PDRB Sektor Pariwisata | B19: =AVERAGE(AG2:AG8) -> 13918.801 | C19: =AVERAGE(AF2:AF8) -> 10316.19 | D19: =_xlfn.STDEV.P(AG2:AG8) -> 1956.0411 | E19: =_xlfn.STDEV.P(AF2:AF8) -> 1234.9737 | F19: =CORREL(AG2:AG8,AF2:AF8) -> 0.89438353 | G19: =ABS(C19-B19)/ABS(B19) -> 0.25883058 | H19: =ABS(E19-D19)/D19 -> 0.36863615 | I19: =_xlfn.STDEV.P(AH2:AH8)/(D19+E19) -> 0.31807756 | J19: =(C19-B19)^2 -> 12978809 | K19: =(E19-D19)^2 -> 519938.29 | L19: =2*(1-F19)*E19*D19 -> 510266.83 | M19: =J19/(J19+K19+L19) -> 0.92646127 | N19: =K19/(J19+K19+L19) -> 0.037114553 | O19: =L19/(J19+K19+L19) -> 0.036424178 | P19: =SUMPRODUCT(ABS(AH2:AH8/AG2:AG8))/COUNT(AG2:AG8) -> 0.2548205 | Q19: =IF(G19<=0.05,"Lolos","Tidak") -> Tidak | R19: =IF(H19<=0.3,"Lolos","Tidak") -> Tidak | S19: =IF(I19<0.4,"Baik",IF(I19<=0.7,"Cukup","Kurang")) -> Baik | T19: =SLOPE(AG2:AG8,AE2:AE8) -> 861.98893 | U19: =SLOPE(AF2:AF8,AE2:AE8) -> 616.83964 | V19: =STEYX(AG2:AG8,AE2:AE8)^2/DEVSQ(AE2:AE8) -> 42699.864 | W19: =STEYX(AF2:AF8,AE2:AE8)^2/DEVSQ(AE2:AE8) -> 159.76928 | X19: =ABS(U19-T19)/SQRT(V19+W19) -> 1.1841491 | Y19: =_xlfn.T.INV.2T(0.05,2*COUNT(AE2:AE8)-4) -> 2.2281389 | Z19: =IF(SIGN(T19)=SIGN(U19),"Sama","Berlawanan") -> Sama | AA19: =IF(Z19="Berlawanan","Berlawanan arah",IF(X19<=Y19,"Tidak berbeda nyata","Berbeda nyata")) -> Tidak berbeda nyata
A20: Investasi Sektor Pariwisata | B20: =AVERAGE(AL2:AL8) -> 822.43191 | C20: =AVERAGE(AK2:AK8) -> 503.61 | D20: =_xlfn.STDEV.P(AL2:AL8) -> 301.63489 | E20: =_xlfn.STDEV.P(AK2:AK8) -> 60.288629 | F20: =CORREL(AL2:AL8,AK2:AK8) -> 0.61244691 | G20: =ABS(C20-B20)/ABS(B20) -> 0.38765752 | H20: =ABS(E20-D20)/D20 -> 0.80012713 | I20: =_xlfn.STDEV.P(AM2:AM8)/(D20+E20) -> 0.74316077 | J20: =(C20-B20)^2 -> 101647.41 | K20: =(E20-D20)^2 -> 58248.015 | L20: =2*(1-F20)*E20*D20 -> 14095.425 | M20: =J20/(J20+K20+L20) -> 0.58421124 | N20: =K20/(J20+K20+L20) -> 0.33477631 | O20: =L20/(J20+K20+L20) -> 0.081012448 | P20: =SUMPRODUCT(ABS(AM2:AM8/AL2:AL8))/COUNT(AL2:AL8) -> 0.33737016 | Q20: =IF(G20<=0.05,"Lolos","Tidak") -> Tidak | R20: =IF(H20<=0.3,"Lolos","Tidak") -> Tidak | S20: =IF(I20<0.4,"Baik",IF(I20<=0.7,"Cukup","Kurang")) -> Kurang | T20: =SLOPE(AL2:AL8,AJ2:AJ8) -> 90.183496 | U20: =SLOPE(AK2:AK8,AJ2:AJ8) -> 30.112714 | V20: =STEYX(AL2:AL8,AJ2:AJ8)^2/DEVSQ(AJ2:AJ8) -> 2922.5676 | W20: =STEYX(AK2:AK8,AJ2:AJ8)^2/DEVSQ(AJ2:AJ8) -> 0.38082778 | X20: =ABS(U20-T20)/SQRT(V20+W20) -> 1.1110989 | Y20: =_xlfn.T.INV.2T(0.05,2*COUNT(AJ2:AJ8)-4) -> 2.2281389 | Z20: =IF(SIGN(T20)=SIGN(U20),"Sama","Berlawanan") -> Sama | AA20: =IF(Z20="Berlawanan","Berlawanan arah",IF(X20<=Y20,"Tidak berbeda nyata","Berbeda nyata")) -> Tidak berbeda nyata
A21: Total Malam Menginap | B21: =AVERAGE(AQ2:AQ8) -> 9948453 | C21: =AVERAGE(AP2:AP8) -> 7274924.3 | D21: =_xlfn.STDEV.P(AQ2:AQ8) -> 2785678.2 | E21: =_xlfn.STDEV.P(AP2:AP8) -> 870905.11 | F21: =CORREL(AQ2:AQ8,AP2:AP8) -> 0.36250782 | G21: =ABS(C21-B21)/ABS(B21) -> 0.26873814 | H21: =ABS(E21-D21)/D21 -> 0.68736334 | I21: =_xlfn.STDEV.P(AR2:AR8)/(D21+E21) -> 0.71102243 | J21: =(C21-B21)^2 -> 7147755786110 | K21: =(E21-D21)^2 -> 3666355804879 | L21: =2*(1-F21)*E21*D21 -> 3093190283575 | M21: =J21/(J21+K21+L21) -> 0.51395705 | N21: =K21/(J21+K21+L21) -> 0.26362812 | O21: =L21/(J21+K21+L21) -> 0.22241484 | P21: =SUMPRODUCT(ABS(AR2:AR8/AQ2:AQ8))/COUNT(AQ2:AQ8) -> 0.29881601 | Q21: =IF(G21<=0.05,"Lolos","Tidak") -> Tidak | R21: =IF(H21<=0.3,"Lolos","Tidak") -> Tidak | S21: =IF(I21<0.4,"Baik",IF(I21<=0.7,"Cukup","Kurang")) -> Kurang | T21: =SLOPE(AQ2:AQ8,AO2:AO8) -> 475342.21 | U21: =SLOPE(AP2:AP8,AO2:AO8) -> 434996.07 | V21: =STEYX(AQ2:AQ8,AO2:AO8)^2/DEVSQ(AO2:AO8) -> 342810095410 | W21: =STEYX(AP2:AP8,AO2:AO8)^2/DEVSQ(AO2:AO8) -> 79469424 | X21: =ABS(U21-T21)/SQRT(V21+W21) -> 0.068900899 | Y21: =_xlfn.T.INV.2T(0.05,2*COUNT(AO2:AO8)-4) -> 2.2281389 | Z21: =IF(SIGN(T21)=SIGN(U21),"Sama","Berlawanan") -> Sama | AA21: =IF(Z21="Berlawanan","Berlawanan arah",IF(X21<=Y21,"Tidak berbeda nyata","Berbeda nyata")) -> Tidak berbeda nyata
A35: Catatan | B35: Jumlah Wisatawan 2025 hasil simulasi seharusnya jauh di bawah data 40,70 juta, karena model tumbuh sekitar 6,3% per tahun.

Sheet Uji B Tanpa COVID
A1: Tahun | B1: Jumlah Wisatawan (simulasi) | C1: Jumlah Wisatawan (data) | D1: Galat | F1: Tahun | G1: Jumlah Hotel dan Akomodasi (simulasi) | H1: Jumlah Hotel dan Akomodasi (data) | I1: Galat | K1: Tahun | L1: Jumlah Objek Daya Tarik Wisata (simulasi) | M1: Jumlah Objek Daya Tarik Wisata (data) | N1: Galat | P1: Tahun | Q1: Tenaga Kerja Pariwisata (simulasi) | R1: Tenaga Kerja Pariwisata (data) | S1: Galat | U1: Tahun | V1: Lahan Terbangun (simulasi) | W1: Lahan Terbangun (data) | X1: Galat | Z1: Tahun | AA1: Tingkat Penghunian Kamar (TPK) (simulasi) | AB1: Tingkat Penghunian Kamar (TPK) (data) | AC1: Galat | AE1: Tahun | AF1: PDRB Sektor Pariwisata (simulasi) | AG1: PDRB Sektor Pariwisata (data) | AH1: Galat | AJ1: Tahun | AK1: Investasi Sektor Pariwisata (simulasi) | AL1: Investasi Sektor Pariwisata (data) | AM1: Galat | AO1: Tahun | AP1: Total Malam Menginap (simulasi) | AQ1: Total Malam Menginap (data) | AR1: Galat
A2: ='Uji B (Uji Penuh)'!A2 -> 2019 | B2: ='Uji B (Uji Penuh)'!B2 -> 20520100 | C2: ='Uji B (Uji Penuh)'!C2 -> 20520104 | D2: =B2-C2 -> -4 | F2: ='Uji B (Uji Penuh)'!A2 -> 2019 | G2: ='Uji B (Uji Penuh)'!G2 -> 1817 | H2: ='Uji B (Uji Penuh)'!H2 -> 1817 | I2: =G2-H2 -> 0 | K2: ='Uji B (Uji Penuh)'!A2 -> 2019 | L2: ='Uji B (Uji Penuh)'!L2 -> 189 | M2: ='Uji B (Uji Penuh)'!M2 -> 189 | N2: =L2-M2 -> 0 | P2: ='Uji B (Uji Penuh)'!A2 -> 2019 | Q2: ='Uji B (Uji Penuh)'!Q2 -> 334784 | R2: ='Uji B (Uji Penuh)'!R2 -> 334784 | S2: =Q2-R2 -> 0 | U2: ='Uji B (Uji Penuh)'!A2 -> 2019 | V2: ='Uji B (Uji Penuh)'!V2 -> 63480 | W2: ='Uji B (Uji Penuh)'!W2 -> 63480.044 | X2: =V2-W2 -> -0.044223627 | Z2: ='Uji B (Uji Penuh)'!A2 -> 2019 | AA2: ='Uji B (Uji Penuh)'!AA2 -> 0.22737 | AB2: ='Uji B (Uji Penuh)'!AB2 -> 0.4534 | AC2: =AA2-AB2 -> -0.22603 | AE2: ='Uji B (Uji Penuh)'!A2 -> 2019 | AF2: ='Uji B (Uji Penuh)'!AF2 -> 8545.55 | AG2: ='Uji B (Uji Penuh)'!AG2 -> 13104.38 | AH2: =AF2-AG2 -> -4558.83 | AJ2: ='Uji B (Uji Penuh)'!A2 -> 2019 | AK2: ='Uji B (Uji Penuh)'!AK2 -> 417.172 | AL2: ='Uji B (Uji Penuh)'!AL2 -> 741.4483 | AM2: =AK2-AL2 -> -324.2763 | AO2: ='Uji B (Uji Penuh)'!A2 -> 2019 | AP2: ='Uji B (Uji Penuh)'!AP2 -> 6026270 | AQ2: ='Uji B (Uji Penuh)'!AQ2 -> 13363923 | AR2: =AP2-AQ2 -> -7337653
A3: ='Uji B (Uji Penuh)'!A5 -> 2022 | B3: ='Uji B (Uji Penuh)'!B5 -> 24615300 | C3: ='Uji B (Uji Penuh)'!C5 -> 25755726 | D3: =B3-C3 -> -1140426 | F3: ='Uji B (Uji Penuh)'!A5 -> 2022 | G3: ='Uji B (Uji Penuh)'!G5 -> 1568.27 | H3: ='Uji B (Uji Penuh)'!H5 -> 1818 | I3: =G3-H3 -> -249.73 | K3: ='Uji B (Uji Penuh)'!A5 -> 2022 | L3: ='Uji B (Uji Penuh)'!L5 -> 190.91 | M3: ='Uji B (Uji Penuh)'!M5 -> 183 | N3: =L3-M3 -> 7.91 | P3: ='Uji B (Uji Penuh)'!A5 -> 2022 | Q3: ='Uji B (Uji Penuh)'!Q5 -> 305548 | R3: ='Uji B (Uji Penuh)'!R5 -> 395284 | S3: =Q3-R3 -> -89736 | U3: ='Uji B (Uji Penuh)'!A5 -> 2022 | V3: ='Uji B (Uji Penuh)'!V5 -> 70309 | W3: ='Uji B (Uji Penuh)'!W5 -> 57709.076 | X3: =V3-W3 -> 12599.924 | Z3: ='Uji B (Uji Penuh)'!A5 -> 2022 | AA3: ='Uji B (Uji Penuh)'!AA5 -> 0.316005 | AB3: ='Uji B (Uji Penuh)'!AB5 -> 0.4499 | AC3: =AA3-AB3 -> -0.133895 | AE3: ='Uji B (Uji Penuh)'!A5 -> 2022 | AF3: ='Uji B (Uji Penuh)'!AF5 -> 10251 | AG3: ='Uji B (Uji Penuh)'!AG5 -> 13672.58 | AH3: =AF3-AG3 -> -3421.58 | AJ3: ='Uji B (Uji Penuh)'!A5 -> 2022 | AK3: ='Uji B (Uji Penuh)'!AK5 -> 500.427 | AL3: ='Uji B (Uji Penuh)'!AL5 -> 463.5886 | AM3: =AK3-AL3 -> 36.8384 | AO3: ='Uji B (Uji Penuh)'!A5 -> 2022 | AP3: ='Uji B (Uji Penuh)'!AP5 -> 7228940 | AQ3: ='Uji B (Uji Penuh)'!AQ5 -> 9267217 | AR3: =AP3-AQ3 -> -2038277
A4: ='Uji B (Uji Penuh)'!A6 -> 2023 | B4: ='Uji B (Uji Penuh)'!B6 -> 26131500 | C4: ='Uji B (Uji Penuh)'!C6 -> 30542580 | D4: =B4-C4 -> -4411080 | F4: ='Uji B (Uji Penuh)'!A6 -> 2023 | G4: ='Uji B (Uji Penuh)'!G6 -> 1537.34 | H4: ='Uji B (Uji Penuh)'!H6 -> 1820 | I4: =G4-H4 -> -282.66 | K4: ='Uji B (Uji Penuh)'!A6 -> 2023 | L4: ='Uji B (Uji Penuh)'!L6 -> 192.069 | M4: ='Uji B (Uji Penuh)'!M6 -> 201 | N4: =L4-M4 -> -8.931 | P4: ='Uji B (Uji Penuh)'!A6 -> 2023 | Q4: ='Uji B (Uji Penuh)'!Q6 -> 296382 | R4: ='Uji B (Uji Penuh)'!R6 -> 359340 | S4: =Q4-R4 -> -62958 | U4: ='Uji B (Uji Penuh)'!A6 -> 2023 | V4: ='Uji B (Uji Penuh)'!V6 -> 72704.5 | W4: ='Uji B (Uji Penuh)'!W6 -> 75624.404 | X4: =V4-W4 -> -2919.9035 | Z4: ='Uji B (Uji Penuh)'!A6 -> 2023 | AA4: ='Uji B (Uji Penuh)'!AA6 -> 0.342219 | AB4: ='Uji B (Uji Penuh)'!AB6 -> 0.4477 | AC4: =AA4-AB4 -> -0.105481 | AE4: ='Uji B (Uji Penuh)'!A6 -> 2023 | AF4: ='Uji B (Uji Penuh)'!AF6 -> 10882.4 | AG4: ='Uji B (Uji Penuh)'!AG6 -> 14809.2 | AH4: =AF4-AG4 -> -3926.8 | AJ4: ='Uji B (Uji Penuh)'!A6 -> 2023 | AK4: ='Uji B (Uji Penuh)'!AK6 -> 531.251 | AL4: ='Uji B (Uji Penuh)'!AL6 -> 1175.2552 | AM4: =AK4-AL4 -> -644.0042 | AO4: ='Uji B (Uji Penuh)'!A6 -> 2023 | AP4: ='Uji B (Uji Penuh)'!AP6 -> 7674210 | AQ4: ='Uji B (Uji Penuh)'!AQ6 -> 11417702 | AR4: =AP4-AQ4 -> -3743492
A5: ='Uji B (Uji Penuh)'!A7 -> 2024 | B5: ='Uji B (Uji Penuh)'!B7 -> 27730100 | C5: ='Uji B (Uji Penuh)'!C7 -> 38134536 | D5: =B5-C5 -> -10404436 | F5: ='Uji B (Uji Penuh)'!A7 -> 2024 | G5: ='Uji B (Uji Penuh)'!G7 -> 1543.1 | H5: ='Uji B (Uji Penuh)'!H7 -> 2000 | I5: =G5-H5 -> -456.9 | K5: ='Uji B (Uji Penuh)'!A7 -> 2024 | L5: ='Uji B (Uji Penuh)'!L7 -> 193.494 | M5: ='Uji B (Uji Penuh)'!M7 -> 218 | N5: =L5-M5 -> -24.506 | P5: ='Uji B (Uji Penuh)'!A7 -> 2024 | Q5: ='Uji B (Uji Penuh)'!Q7 -> 287490 | R5: ='Uji B (Uji Penuh)'!R7 -> 350946 | S5: =Q5-R5 -> -63456 | U5: ='Uji B (Uji Penuh)'!A7 -> 2024 | V5: ='Uji B (Uji Penuh)'!V7 -> 75160.6 | W5: ='Uji B (Uji Penuh)'!W7 -> 73511.575 | X5: =V5-W5 -> 1649.0253 | Z5: ='Uji B (Uji Penuh)'!A7 -> 2024 | AA5: ='Uji B (Uji Penuh)'!AA7 -> 0.361798 | AB5: ='Uji B (Uji Penuh)'!AB7 -> 0.4217 | AC5: =AA5-AB5 -> -0.059902 | AE5: ='Uji B (Uji Penuh)'!A7 -> 2024 | AF5: ='Uji B (Uji Penuh)'!AF7 -> 11548.1 | AG5: ='Uji B (Uji Penuh)'!AG7 -> 15873.81 | AH5: =AF5-AG5 -> -4325.71 | AJ5: ='Uji B (Uji Penuh)'!A7 -> 2024 | AK5: ='Uji B (Uji Penuh)'!AK7 -> 563.75 | AL5: ='Uji B (Uji Penuh)'!AL7 -> 712.2835 | AM5: =AK5-AL5 -> -148.5335 | AO5: ='Uji B (Uji Penuh)'!A7 -> 2024 | AP5: ='Uji B (Uji Penuh)'!AP7 -> 8143680 | AQ5: ='Uji B (Uji Penuh)'!AQ7 -> 11503540 | AR5: =AP5-AQ5 -> -3359860
A6: ='Uji B (Uji Penuh)'!A8 -> 2025 | B6: ='Uji B (Uji Penuh)'!B8 -> 29415500 | C6: ='Uji B (Uji Penuh)'!C8 -> 40695654 | D6: =B6-C6 -> -11280154 | F6: ='Uji B (Uji Penuh)'!A8 -> 2025 | G6: ='Uji B (Uji Penuh)'!G8 -> 1579.17 | H6: ='Uji B (Uji Penuh)'!H8 -> 2291 | I6: =G6-H6 -> -711.83 | K6: ='Uji B (Uji Penuh)'!A8 -> 2025 | L6: ='Uji B (Uji Penuh)'!L8 -> 195.19 | M6: ='Uji B (Uji Penuh)'!M8 -> 201 | N6: =L6-M6 -> -5.81 | P6: ='Uji B (Uji Penuh)'!A8 -> 2025 | Q6: ='Uji B (Uji Penuh)'!Q8 -> 278866 | R6: ='Uji B (Uji Penuh)'!R8 -> 364994 | S6: =Q6-R6 -> -86128 | U6: ='Uji B (Uji Penuh)'!A8 -> 2025 | V6: ='Uji B (Uji Penuh)'!V8 -> 77676.7 | W6: ='Uji B (Uji Penuh)'!W8 -> 55029.535 | X6: =V6-W6 -> 22647.165 | Z6: ='Uji B (Uji Penuh)'!A8 -> 2025 | AA6: ='Uji B (Uji Penuh)'!AA8 -> 0.375023 | AB6: ='Uji B (Uji Penuh)'!AB8 -> 0.3807 | AC6: =AA6-AB6 -> -0.005677 | AE6: ='Uji B (Uji Penuh)'!A8 -> 2025 | AF6: ='Uji B (Uji Penuh)'!AF8 -> 12250 | AG6: ='Uji B (Uji Penuh)'!AG8 -> 16947.62 | AH6: =AF6-AG6 -> -4697.62 | AJ6: ='Uji B (Uji Penuh)'!A8 -> 2025 | AK6: ='Uji B (Uji Penuh)'!AK8 -> 598.014 | AL6: ='Uji B (Uji Penuh)'!AL8 -> 1325.9504 | AM6: =AK6-AL6 -> -727.9364 | AO6: ='Uji B (Uji Penuh)'!A8 -> 2025 | AP6: ='Uji B (Uji Penuh)'!AP8 -> 8638650 | AQ6: ='Uji B (Uji Penuh)'!AQ8 -> 11954114 | AR6: =AP6-AQ6 -> -3315464
A8: Statistik Barlas (1989) — tanpa tahun COVID 2020–2021 (2019, 2022–2025, n = 5)
A10: Variabel | B10: Rata-rata data aktual | C10: Rata-rata simulasi | D10: Simpangan baku data aktual | E10: Simpangan baku simulasi | F10: Korelasi (r) | G10: E1 | H10: E2 | I10: DC | J10: Suku 1 | K10: Suku 2 | L10: Suku 3 | M10: U1 | N10: U2 | O10: U3 | P10: MAPE | Q10: Lolos E1 | R10: Lolos E2 | S10: Lolos DC | T10: Kemiringan tren data | U10: Kemiringan tren simulasi | V10: Varians kemiringan data | W10: Varians kemiringan simulasi | X10: t hitung | Y10: t tabel (α=0,05) | Z10: Arah tren | AA10: Status tren
A11: Jumlah Wisatawan | B11: =AVERAGE(C2:C6) -> 31129720 | C11: =AVERAGE(B2:B6) -> 25682500 | D11: =_xlfn.STDEV.P(C2:C6) -> 7514825.8 | E11: =_xlfn.STDEV.P(B2:B6) -> 3037065.9 | F11: =CORREL(C2:C6,B2:B6) -> 0.96652652 | G11: =ABS(C11-B11)/ABS(B11) -> 0.17498455 | H11: =ABS(E11-D11)/D11 -> 0.59585679 | I11: =_xlfn.STDEV.P(D2:D6)/(D11+E11) -> 0.44022829 | J11: =(C11-B11)^2 -> 29672205728400 | K11: =(E11-D11)^2 -> 20050334390431 | L11: =2*(1-F11)*E11*D11 -> 1527932075110 | M11: =J11/(J11+K11+L11) -> 0.57896453 | N11: =K11/(J11+K11+L11) -> 0.39122243 | O11: =L11/(J11+K11+L11) -> 0.029813034 | P11: =SUMPRODUCT(ABS(D2:D6/C2:C6))/COUNT(C2:C6) -> 0.14774419 | Q11: =IF(G11<=0.05,"Lolos","Tidak") -> Tidak | R11: =IF(H11<=0.3,"Lolos","Tidak") -> Tidak | S11: =IF(I11<0.4,"Baik",IF(I11<=0.7,"Cukup","Kurang")) -> Cukup | T11: =SLOPE(C2:C6,A2:A6) -> 3488167.1 | U11: =SLOPE(B2:B6,A2:A6) -> 1473132.1 | V11: =STEYX(C2:C6,A2:A6)^2/DEVSQ(A2:A6) -> 383900544993 | W11: =STEYX(B2:B6,A2:A6)^2/DEVSQ(A2:A6) -> 1766374060 | X11: =ABS(U11-T11)/SQRT(V11+W11) -> 3.2447138 | Y11: =_xlfn.T.INV.2T(0.05,2*COUNT(A2:A6)-4) -> 2.4469119 | Z11: =IF(SIGN(T11)=SIGN(U11),"Sama","Berlawanan") -> Sama | AA11: =IF(Z11="Berlawanan","Berlawanan arah",IF(X11<=Y11,"Tidak berbeda nyata","Berbeda nyata")) -> Berbeda nyata
A12: Jumlah Hotel dan Akomodasi | B12: =AVERAGE(H2:H6) -> 1949.2 | C12: =AVERAGE(G2:G6) -> 1608.976 | D12: =_xlfn.STDEV.P(H2:H6) -> 184.81926 | E12: =_xlfn.STDEV.P(G2:G6) -> 105.15771 | F12: =CORREL(H2:H6,G2:G6) -> -0.2720734 | G12: =ABS(C12-B12)/ABS(B12) -> 0.17454545 | H12: =ABS(E12-D12)/D12 -> 0.43102406 | I12: =_xlfn.STDEV.P(I2:I6)/(D12+E12) -> 0.81455802 | J12: =(C12-B12)^2 -> 115752.37 | K12: =(E12-D12)^2 -> 6345.9623 | L12: =2*(1-F12)*E12*D12 -> 49445.929 | M12: =J12/(J12+K12+L12) -> 0.67476679 | N12: =K12/(J12+K12+L12) -> 0.036993148 | O12: =L12/(J12+K12+L12) -> 0.28824006 | P12: =SUMPRODUCT(ABS(I2:I6/H2:H6))/COUNT(H2:H6) -> 0.16636601 | Q12: =IF(G12<=0.05,"Lolos","Tidak") -> Tidak | R12: =IF(H12<=0.3,"Lolos","Tidak") -> Tidak | S12: =IF(I12<0.4,"Baik",IF(I12<=0.7,"Cukup","Kurang")) -> Kurang | T12: =SLOPE(H2:H6,F2:F6) -> 65.773585 | U12: =SLOPE(G2:G6,F2:F6) -> -43.248962 | V12: =STEYX(H2:H6,F2:F6)^2/DEVSQ(F2:F6) -> 1243.3351 | W12: =STEYX(G2:G6,F2:F6)^2/DEVSQ(F2:F6) -> 245.8601 | X12: =ABS(U12-T12)/SQRT(V12+W12) -> 2.8251435 | Y12: =_xlfn.T.INV.2T(0.05,2*COUNT(F2:F6)-4) -> 2.4469119 | Z12: =IF(SIGN(T12)=SIGN(U12),"Sama","Berlawanan") -> Berlawanan | AA12: =IF(Z12="Berlawanan","Berlawanan arah",IF(X12<=Y12,"Tidak berbeda nyata","Berbeda nyata")) -> Berlawanan arah
A13: Jumlah Objek Daya Tarik Wisata | B13: =AVERAGE(M2:M6) -> 198.4 | C13: =AVERAGE(L2:L6) -> 192.1326 | D13: =_xlfn.STDEV.P(M2:M6) -> 12.026637 | E13: =_xlfn.STDEV.P(L2:L6) -> 2.121937 | F13: =CORREL(M2:M6,L2:L6) -> 0.64845265 | G13: =ABS(C13-B13)/ABS(B13) -> 0.031589718 | H13: =ABS(E13-D13)/D13 -> 0.82356356 | I13: =_xlfn.STDEV.P(N2:N6)/(D13+E13) -> 0.76138133 | J13: =(C13-B13)^2 -> 39.280303 | K13: =(E13-D13)^2 -> 98.103084 | L13: =2*(1-F13)*E13*D13 -> 17.942813 | M13: =J13/(J13+K13+L13) -> 0.2528891 | N13: =K13/(J13+K13+L13) -> 0.63159393 | O13: =L13/(J13+K13+L13) -> 0.11551697 | P13: =SUMPRODUCT(ABS(N2:N6/M2:M6))/COUNT(M2:M6) -> 0.045795039 | Q13: =IF(G13<=0.05,"Lolos","Tidak") -> Lolos | R13: =IF(H13<=0.3,"Lolos","Tidak") -> Tidak | S13: =IF(I13<0.4,"Baik",IF(I13<=0.7,"Cukup","Kurang")) -> Kurang | T13: =SLOPE(M2:M6,K2:K6) -> 3.6698113 | U13: =SLOPE(L2:L6,K2:K6) -> 1.0013774 | V13: =STEYX(M2:M6,K2:K6)^2/DEVSQ(K2:K6) -> 6.8818975 | W13: =STEYX(L2:L6,K2:K6)^2/DEVSQ(K2:K6) -> 0.019727091 | X13: =ABS(U13-T13)/SQRT(V13+W13) -> 1.0157359 | Y13: =_xlfn.T.INV.2T(0.05,2*COUNT(K2:K6)-4) -> 2.4469119 | Z13: =IF(SIGN(T13)=SIGN(U13),"Sama","Berlawanan") -> Sama | AA13: =IF(Z13="Berlawanan","Berlawanan arah",IF(X13<=Y13,"Tidak berbeda nyata","Berbeda nyata")) -> Tidak berbeda nyata
A14: Tenaga Kerja Pariwisata | B14: =AVERAGE(R2:R6) -> 361069.6 | C14: =AVERAGE(Q2:Q6) -> 300614 | D14: =_xlfn.STDEV.P(R2:R6) -> 19911.995 | E14: =_xlfn.STDEV.P(Q2:Q6) -> 19261.661 | F14: =CORREL(R2:R6,Q2:Q6) -> -0.35174142 | G14: =ABS(C14-B14)/ABS(B14) -> 0.16743475 | H14: =ABS(E14-D14)/D14 -> 0.032660384 | I14: =_xlfn.STDEV.P(S2:S6)/(D14+E14) -> 0.82216789 | J14: =(C14-B14)^2 -> 3654879571 | K14: =(E14-D14)^2 -> 422933.53 | L14: =2*(1-F14)*E14*D14 -> 1036888651 | M14: =J14/(J14+K14+L14) -> 0.77892811 | N14: =K14/(J14+K14+L14) -> 9.0135613e-05 | O14: =L14/(J14+K14+L14) -> 0.22098176 | P14: =SUMPRODUCT(ABS(S2:S6/R2:R6))/COUNT(R2:R6) -> 0.16380124 | Q14: =IF(G14<=0.05,"Lolos","Tidak") -> Tidak | R14: =IF(H14<=0.3,"Lolos","Tidak") -> Lolos | S14: =IF(I14<0.4,"Baik",IF(I14<=0.7,"Cukup","Kurang")) -> Kurang | T14: =SLOPE(R2:R6,P2:P6) -> 3238.3585 | U14: =SLOPE(Q2:Q6,P2:P6) -> -9350.6604 | V14: =STEYX(R2:R6,P2:P6)^2/DEVSQ(P2:P6) -> 27674748 | W14: =STEYX(Q2:Q6,P2:P6)^2/DEVSQ(P2:P6) -> 22628.157 | X14: =ABS(U14-T14)/SQRT(V14+W14) -> 2.3920628 | Y14: =_xlfn.T.INV.2T(0.05,2*COUNT(P2:P6)-4) -> 2.4469119 | Z14: =IF(SIGN(T14)=SIGN(U14),"Sama","Berlawanan") -> Berlawanan | AA14: =IF(Z14="Berlawanan","Berlawanan arah",IF(X14<=Y14,"Tidak berbeda nyata","Berbeda nyata")) -> Berlawanan arah
A15: Lahan Terbangun | B15: =AVERAGE(W2:W6) -> 65070.927 | C15: =AVERAGE(V2:V6) -> 71866.16 | D15: =_xlfn.STDEV.P(W2:W6) -> 8248.366 | E15: =_xlfn.STDEV.P(V2:V6) -> 4859.4434 | F15: =CORREL(W2:W6,V2:V6) -> 0.01553636 | G15: =ABS(C15-B15)/ABS(B15) -> 0.1044281 | H15: =ABS(E15-D15)/D15 -> 0.41085987 | I15: =_xlfn.STDEV.P(X2:X6)/(D15+E15) -> 0.72537792 | J15: =(C15-B15)^2 -> 46175196 | K15: =(E15-D15)^2 -> 11484796 | L15: =2*(1-F15)*E15*D15 -> 78919464 | M15: =J15/(J15+K15+L15) -> 0.33808302 | N15: =K15/(J15+K15+L15) -> 0.084088755 | O15: =L15/(J15+K15+L15) -> 0.57782822 | P15: =SUMPRODUCT(ABS(X2:X6/W2:W6))/COUNT(W2:W6) -> 0.13818487 | Q15: =IF(G15<=0.05,"Lolos","Tidak") -> Tidak | R15: =IF(H15<=0.3,"Lolos","Tidak") -> Tidak | S15: =IF(I15<0.4,"Baik",IF(I15<=0.7,"Cukup","Kurang")) -> Kurang | T15: =SLOPE(W2:W6,U2:U6) -> 98.266318 | U15: =SLOPE(V2:V6,U2:U6) -> 2359.3075 | V15: =STEYX(W2:W6,U2:U6)^2/DEVSQ(U2:U6) -> 5345487.3 | W15: =STEYX(V2:V6,U2:U6)^2/DEVSQ(U2:U6) -> 1017.4561 | X15: =ABS(U15-T15)/SQRT(V15+W15) -> 0.97785284 | Y15: =_xlfn.T.INV.2T(0.05,2*COUNT(U2:U6)-4) -> 2.4469119 | Z15: =IF(SIGN(T15)=SIGN(U15),"Sama","Berlawanan") -> Sama | AA15: =IF(Z15="Berlawanan","Berlawanan arah",IF(X15<=Y15,"Tidak berbeda nyata","Berbeda nyata")) -> Tidak berbeda nyata
A16: Tingkat Penghunian Kamar (TPK) | B16: =AVERAGE(AB2:AB6) -> 0.43068 | C16: =AVERAGE(AA2:AA6) -> 0.324483 | D16: =_xlfn.STDEV.P(AB2:AB6) -> 0.027400467 | E16: =_xlfn.STDEV.P(AA2:AA6) -> 0.052467281 | F16: =CORREL(AB2:AB6,AA2:AA6) -> -0.68565243 | G16: =ABS(C16-B16)/ABS(B16) -> 0.24657983 | H16: =ABS(E16-D16)/D16 -> 0.91483162 | I16: =_xlfn.STDEV.P(AC2:AC6)/(D16+E16) -> 0.92644941 | J16: =(C16-B16)^2 -> 0.011277803 | K16: =(E16-D16)^2 -> 0.00062834515 | L16: =2*(1-F16)*E16*D16 -> 0.0048466823 | M16: =J16/(J16+K16+L16) -> 0.67318791 | N16: =K16/(J16+K16+L16) -> 0.037506806 | O16: =L16/(J16+K16+L16) -> 0.28930528 | P16: =SUMPRODUCT(ABS(AC2:AC6/AB2:AB6))/COUNT(AB2:AB6) -> 0.23774003 | Q16: =IF(G16<=0.05,"Lolos","Tidak") -> Tidak | R16: =IF(H16<=0.3,"Lolos","Tidak") -> Tidak | S16: =IF(I16<0.4,"Baik",IF(I16<=0.7,"Cukup","Kurang")) -> Kurang | T16: =SLOPE(AB2:AB6,Z2:Z6) -> -0.010332075 | U16: =SLOPE(AA2:AA6,Z2:Z6) -> 0.025251179 | V16: =STEYX(AB2:AB6,Z2:Z6)^2/DEVSQ(Z2:Z6) -> 2.3440097e-05 | W16: =STEYX(AA2:AA6,Z2:Z6)^2/DEVSQ(Z2:Z6) -> 3.8756328e-06 | X16: =ABS(U16-T16)/SQRT(V16+W16) -> 6.8083091 | Y16: =_xlfn.T.INV.2T(0.05,2*COUNT(Z2:Z6)-4) -> 2.4469119 | Z16: =IF(SIGN(T16)=SIGN(U16),"Sama","Berlawanan") -> Berlawanan | AA16: =IF(Z16="Berlawanan","Berlawanan arah",IF(X16<=Y16,"Tidak berbeda nyata","Berbeda nyata")) -> Berlawanan arah
A17: PDRB Sektor Pariwisata | B17: =AVERAGE(AG2:AG6) -> 14881.518 | C17: =AVERAGE(AF2:AF6) -> 10695.41 | D17: =_xlfn.STDEV.P(AG2:AG6) -> 1405.5889 | E17: =_xlfn.STDEV.P(AF2:AF6) -> 1264.7683 | F17: =CORREL(AG2:AG6,AF2:AF6) -> 0.94528761 | G17: =ABS(C17-B17)/ABS(B17) -> 0.28129577 | H17: =ABS(E17-D17)/D17 -> 0.10018624 | I17: =_xlfn.STDEV.P(AH2:AH6)/(D17+E17) -> 0.17338129 | J17: =(C17-B17)^2 -> 17523500 | K17: =(E17-D17)^2 -> 19830.462 | L17: =2*(1-F17)*E17*D17 -> 194529.26 | M17: =J17/(J17+K17+L17) -> 0.98791513 | N17: =K17/(J17+K17+L17) -> 0.0011179738 | O17: =L17/(J17+K17+L17) -> 0.010966896 | P17: =SUMPRODUCT(ABS(AH2:AH6/AG2:AG6))/COUNT(AG2:AG6) -> 0.28259749 | Q17: =IF(G17<=0.05,"Lolos","Tidak") -> Tidak | R17: =IF(H17<=0.3,"Lolos","Tidak") -> Lolos | S17: =IF(I17<0.4,"Baik",IF(I17<=0.7,"Cukup","Kurang")) -> Baik | T17: =SLOPE(AG2:AG6,AE2:AE6) -> 634.05594 | U17: =SLOPE(AF2:AF6,AE2:AE6) -> 613.47736 | V17: =STEYX(AG2:AG6,AE2:AE6)^2/DEVSQ(AE2:AE6) -> 21311.796 | W17: =STEYX(AF2:AF6,AE2:AE6)^2/DEVSQ(AE2:AE6) -> 306.27486 | X17: =ABS(U17-T17)/SQRT(V17+W17) -> 0.139961 | Y17: =_xlfn.T.INV.2T(0.05,2*COUNT(AE2:AE6)-4) -> 2.4469119 | Z17: =IF(SIGN(T17)=SIGN(U17),"Sama","Berlawanan") -> Sama | AA17: =IF(Z17="Berlawanan","Berlawanan arah",IF(X17<=Y17,"Tidak berbeda nyata","Berbeda nyata")) -> Tidak berbeda nyata
A18: Investasi Sektor Pariwisata | B18: =AVERAGE(AL2:AL6) -> 883.7052 | C18: =AVERAGE(AK2:AK6) -> 522.1228 | D18: =_xlfn.STDEV.P(AL2:AL6) -> 318.34026 | E18: =_xlfn.STDEV.P(AK2:AK6) -> 61.743016 | F18: =CORREL(AL2:AL6,AK2:AK6) -> 0.54064618 | G18: =ABS(C18-B18)/ABS(B18) -> 0.40916631 | H18: =ABS(E18-D18)/D18 -> 0.8060471 | I18: =_xlfn.STDEV.P(AM2:AM6)/(D18+E18) -> 0.76208113 | J18: =(C18-B18)^2 -> 130741.83 | K18: =(E18-D18)^2 -> 65842.145 | L18: =2*(1-F18)*E18*D18 -> 18057.463 | M18: =J18/(J18+K18+L18) -> 0.60911738 | N18: =K18/(J18+K18+L18) -> 0.30675411 | O18: =L18/(J18+K18+L18) -> 0.084128503 | P18: =SUMPRODUCT(ABS(AM2:AM6/AL2:AL6))/COUNT(AL2:AL6) -> 0.36446242 | Q18: =IF(G18<=0.05,"Lolos","Tidak") -> Tidak | R18: =IF(H18<=0.3,"Lolos","Tidak") -> Tidak | S18: =IF(I18<0.4,"Baik",IF(I18<=0.7,"Cukup","Kurang")) -> Kurang | T18: =SLOPE(AL2:AL6,AJ2:AJ6) -> 80.293061 | U18: =SLOPE(AK2:AK6,AJ2:AJ6) -> 29.948519 | V18: =STEYX(AL2:AL6,AJ2:AJ6)^2/DEVSQ(AJ2:AJ6) -> 5818.0301 | W18: =STEYX(AK2:AK6,AJ2:AJ6)^2/DEVSQ(AJ2:AJ6) -> 0.73000038 | X18: =ABS(U18-T18)/SQRT(V18+W18) -> 0.65998972 | Y18: =_xlfn.T.INV.2T(0.05,2*COUNT(AJ2:AJ6)-4) -> 2.4469119 | Z18: =IF(SIGN(T18)=SIGN(U18),"Sama","Berlawanan") -> Sama | AA18: =IF(Z18="Berlawanan","Berlawanan arah",IF(X18<=Y18,"Tidak berbeda nyata","Berbeda nyata")) -> Tidak berbeda nyata
A19: Total Malam Menginap | B19: =AVERAGE(AQ2:AQ6) -> 11501299 | C19: =AVERAGE(AP2:AP6) -> 7542350 | D19: =_xlfn.STDEV.P(AQ2:AQ6) -> 1317006.1 | E19: =_xlfn.STDEV.P(AP2:AP6) -> 891917.36 | F19: =CORREL(AQ2:AQ6,AP2:AP6) -> -0.27871162 | G19: =ABS(C19-B19)/ABS(B19) -> 0.34421756 | H19: =ABS(E19-D19)/D19 -> 0.322769 | I19: =_xlfn.STDEV.P(AR2:AR6)/(D19+E19) -> 0.80790582 | J19: =(C19-B19)^2 -> 15673278768181 | K19: =(E19-D19)^2 -> 180700441703 | L19: =2*(1-F19)*E19*D19 -> 3004104347336 | M19: =J19/(J19+K19+L19) -> 0.83111726 | N19: =K19/(J19+K19+L19) -> 0.0095821212 | O19: =L19/(J19+K19+L19) -> 0.15930062 | P19: =SUMPRODUCT(ABS(AR2:AR6/AQ2:AQ6))/COUNT(AQ2:AQ6) -> 0.33325952 | Q19: =IF(G19<=0.05,"Lolos","Tidak") -> Tidak | R19: =IF(H19<=0.3,"Lolos","Tidak") -> Tidak | S19: =IF(I19<0.4,"Baik",IF(I19<=0.7,"Cukup","Kurang")) -> Kurang | T19: =SLOPE(AQ2:AQ6,AO2:AO6) -> -203233.14 | U19: =SLOPE(AP2:AP6,AO2:AO6) -> 432625.47 | V19: =STEYX(AQ2:AQ6,AO2:AO6)^2/DEVSQ(AO2:AO6) -> 122592559825 | W19: =STEYX(AP2:AP6,AO2:AO6)^2/DEVSQ(AO2:AO6) -> 1.5234559e+08 | X19: =ABS(U19-T19)/SQRT(V19+W19) -> 1.8149256 | Y19: =_xlfn.T.INV.2T(0.05,2*COUNT(AO2:AO6)-4) -> 2.4469119 | Z19: =IF(SIGN(T19)=SIGN(U19),"Sama","Berlawanan") -> Berlawanan | AA19: =IF(Z19="Berlawanan","Berlawanan arah",IF(X19<=Y19,"Tidak berbeda nyata","Berbeda nyata")) -> Berlawanan arah
